blasttrooper55,b1412f5f-1fd5-4bd5-8969-a350f15f2c32
immaproshooter,fdb31302-defe-4a92-b60e-bedcf729e5aa
zephyrbot,f06e2a56-f278-420d-8836-0f62847b956a
shadowvortex101,a54472a5-0dab-4edf-adbf-eacf67aca824
ahfthemario,7baa8527-135a-4d44-b790-24963cb543a3
ben_shapiro2020,893a6ed2-6228-4554-a52c-fbaed0f96c6e
sharknanney,2d5a5924-c383-46a7-8652-315fad32b6cd
_pandagamerftw_,c68ab8f3-1a2e-4f01-9686-c18063570892
ben68880147,78264d8b-ee36-4ea9-98c6-647d337aee40
luigi_138,da59ddb8-d4cf-42fa-a787-b311376a1a11
chishtie2,020e2c77-ad6d-4696-acb3-63e8ffd58fd8
deeesco,587d0daa-1557-408a-b721-6a28b691a838
king_cheesecake,28e15982-ce11-4e8d-acbf-de958f9b0c98
iibethanyii,017ec225-2727-4d08-b15d-c5d9f307a55c
johnprodman,4150cd4b-a415-4298-bdc7-c9e330b466cc
jordan501anime,11ae6a58-e679-400a-a7d0-ede83ab00418
therealcolmagi,c98c1615-0764-41e1-848d-73152bfabe94
jamlistn,6e9d3687-88a5-4fc3-95af-688356ddd98b
magickeeper,06b4aca5-142d-4277-84ed-768dbafce52f
kokayn,060038e9-de3e-4792-976a-fd850035c687
bigboi2016,bddd595a-c3c6-47b5-b788-70d5b62550ff
obamagivesnosh,d3ac07e0-4b18-40a0-b288-4b6e13255b18
aight_bet,1dd55e4e-4731-4fc7-a5b4-c4344ce80533
optivat_yt,061f9ad6-a6fb-45da-8990-73890f965939
kayotik,d313f33e-381f-4af9-959a-926fbe43fe6a
tophatgangster,b21e6367-42ac-4156-a85d-5a2ffde6d97a
dragonstargaming,6ff7f947-8be9-4835-9512-0f81dd75f2ae
wendadonplayz_yt,cb30c930-c6c8-450f-a5fe-80d4cc292106
matthew_chang,2e1a8f3a-caa7-471e-9459-a7563f97a10f
thebluegamer0,654713d4-034f-41ff-acad-c3b9ced485de
sethgaley,8718b9da-4698-4501-850e-4313fff93d4e
8crazydude,26666a91-29a2-487f-bda5-16d4919282a0
piranhaboy,068bfb61-fb8a-4553-8305-2af64537cadb
sagingtime,6ff056fa-7851-4668-aae8-a076e2c0ad40
huntthequest,1698de61-dec9-439f-8fc8-de0940b4bd90
who,f6591220-1b72-4c34-af36-6bae126bd825
karambit_faze,893a6ed2-6228-4554-a52c-fbaed0f96c6e
hubert6194,1ae76006-6711-4e06-9e89-a7e9a547fbfd
ancientarchangel,8d60bf33-7561-40f0-bda3-3083e8655c32
bowmaster_7,09906eb9-3bd7-461e-9aff-854e2d4b7835
xhellsky_,b8aef0e6-1baf-4be7-9e31-6d1a64b6afa8
simplytb,3d711fae-64a0-41d0-a938-de4f880f4bd0
mmmmmmmmmmmmmmmw,67456b25-61bb-420f-b306-a9714561c430
dragon2934,5f4a6885-835e-4444-9949-0f5e26585363
heistank,c67e14b3-95bf-439f-b5e5-d64e9930a9ad
imine03,0f9d4172-c235-4bd2-9897-490c4a93ddfe
shawntaclausking,4e94bc8d-a3d8-4c9d-b1ad-59351ceb454f
itzgavinj,f850edc1-47c7-4304-86d5-6d7925823832
starfrost_dragon,c0e32186-dc7a-41fa-9e3a-4ef4e67708a0
bryantandpat,7961a874-c35f-4f34-a0d1-37205c235291
badmaner,d0393654-9897-4501-8417-24c9eb6a9333
bryanloera1990,8f98d92d-9df3-48a9-ba16-f740f3a8384f
camdog_447,1b4873bc-5938-46a6-b588-0968e244f24d
obbb,91557728-9faf-4d92-8a52-894b13de7219
thecreepingowl,034443c4-9e37-4fb4-acd1-e0b5bcbbeca8
nellynutton0614,521aa102-c0d6-44d5-afa8-6d17c398dd35
nomguy76,b82d0899-0316-4a60-b46e-4bd94a047d00
lauralindberg,544241b6-a3c3-4321-b599-011130693359
bigblockenergy,0e35f655-bb50-49de-824c-085f55effebd
mrmapl3syrup,b3f11e18-ff16-45fe-85b7-bb69e73fb17c
cookooguy,36e0c2ea-e57d-4702-98fa-04e3c8ddd5ff
blazeuniverse,6f1701d0-54aa-4c23-b208-c9bb6c2e22bc
paul_resmer,7718f2d7-90cf-49d6-a1d9-8cf4d236ba82
arhke,42981934-1321-4128-ae02-aa6682c692b8
epic12308,3622cc97-3896-4a3a-9b59-978163deea66
