cookooguy,36e0c2ea-e57d-4702-98fa-04e3c8ddd5ff
kongking3751,ed0191cf-8fcf-4974-b289-091b88dd1943
town_logitech,53b97e0b-575f-35d0-81aa-6432be6fd672
town_niggaman,b16fba01-aa4e-3559-8abe-aa6788a5d00b
imine03,0f9d4172-c235-4bd2-9897-490c4a93ddfe
towny_war_chest,8895c16c-cfae-3603-b813-f8649db09290
ben_shapiro2020,893a6ed2-6228-4554-a52c-fbaed0f96c6e
bigboi2016,bddd595a-c3c6-47b5-b788-70d5b62550ff
sharknanney,2d5a5924-c383-46a7-8652-315fad32b6cd
town_testtown,bccd7d15-48b2-39ec-9b37-15db2322c9f7
johnprodman,4150cd4b-a415-4298-bdc7-c9e330b466cc
